Name,Phone,Category,City,Primary_Email,Alt_Email_1,Alt_Email_2
Tony's Plumbing,(617) 401-1001,Plumbing,"Boston, MA",contact@tony'splumbing.com,info@tony'splumbing.com,hello@tony'splumbing.com
Quality David Garcia Plumbing,(617) 407-1007,Plumbing,"Boston, MA",contact@qualityplumbing.com,info@qualityplumbing.com,hello@qualityplumbing.com
Tom's Plumbing,(857) 409-1009,Plumbing,"Boston, MA",contact@tom'splumbing.com,info@tom'splumbing.com,hello@tom'splumbing.com
Kevin Water Solutions,(617) 413-1013,Plumbing,"Boston, MA",contact@kevinsolutions.com,info@kevinsolutions.com,hello@kevinsolutions.com
Quality Paul Wilson Plumbing,(857) 415-1015,Plumbing,"Boston, MA",contact@qualityplumbing.com,info@qualityplumbing.com,hello@qualityplumbing.com
Michael's Plumbing,(781) 417-1017,Plumbing,"Boston, MA",contact@michael'splumbing.com,info@michael'splumbing.com,hello@michael'splumbing.com
Quality Jennifer Perez Plumbing,(781) 423-1023,Plumbing,"Boston, MA",contact@qualityplumbing.com,info@qualityplumbing.com,hello@qualityplumbing.com
Emma's Plumbing,(617) 425-1025,Plumbing,"Boston, MA",contact@emma'splumbing.com,info@emma'splumbing.com,hello@emma'splumbing.com
Sofia Water Solutions,(781) 429-1029,Plumbing,"Boston, MA",contact@sofiasolutions.com,info@sofiasolutions.com,hello@sofiasolutions.com
Quality Patricia Robinson Plumbing,(617) 431-1031,Plumbing,"Boston, MA",contact@qualityplumbing.com,info@qualityplumbing.com,hello@qualityplumbing.com
Susan's Plumbing,(857) 433-1033,Plumbing,"Boston, MA",contact@susan'splumbing.com,info@susan'splumbing.com,hello@susan'splumbing.com
Betty Water Solutions,(617) 437-1037,Plumbing,"Boston, MA",contact@bettysolutions.com,info@bettysolutions.com,hello@bettysolutions.com
Quality Dorothy Boston Plumbing,(857) 439-1039,Plumbing,"Boston, MA",contact@qualityplumbing.com,info@qualityplumbing.com,hello@qualityplumbing.com
Tony's Plumbing,(781) 441-1041,Plumbing,"Boston, MA",contact@tony'splumbing.com,info@tony'splumbing.com,hello@tony'splumbing.com
Electrical Mike Johnson,(857) 444-1044,Electrical,"Boston, MA",contact@electricaljohnson.com,info@electricaljohnson.com,hello@electricaljohnson.com
Safe Williams & Frank Electric,(617) 445-1045,Electrical,"Boston, MA",contact@safeelectric.com,info@safeelectric.com,hello@safeelectric.com
Jones Wiring Solutions,(857) 447-1047,Electrical,"Boston, MA",contact@jonessolutions.com,info@jonessolutions.com,hello@jonessolutions.com
Professional David Garcia Electric,(617) 448-1048,Electrical,"Boston, MA",contact@professionalelectric.com,info@professionalelectric.com,hello@professionalelectric.com
Electrical Steve Martinez,(781) 452-1052,Electrical,"Boston, MA",contact@electricalmartinez.com,info@electricalmartinez.com,hello@electricalmartinez.com
Safe Hernandez & Kevin Electric,(857) 453-1053,Electrical,"Boston, MA",contact@safeelectric.com,info@safeelectric.com,hello@safeelectric.com
Gonzalez Wiring Solutions,(781) 455-1055,Electrical,"Boston, MA",contact@gonzalezsolutions.com,info@gonzalezsolutions.com,hello@gonzalezsolutions.com
Professional Paul Wilson Electric,(857) 456-1056,Electrical,"Boston, MA",contact@professionalelectric.com,info@professionalelectric.com,hello@professionalelectric.com
Electrical Richard Moore,(617) 460-1060,Electrical,"Boston, MA",contact@electricalmoore.com,info@electricalmoore.com,hello@electricalmoore.com
Safe Jackson & Mary Electric,(781) 461-1061,Electrical,"Boston, MA",contact@safeelectric.com,info@safeelectric.com,hello@safeelectric.com
Lee Wiring Solutions,(617) 463-1063,Electrical,"Boston, MA",contact@leesolutions.com,info@leesolutions.com,hello@leesolutions.com
Professional Jennifer Perez Electric,(781) 464-1064,Electrical,"Boston, MA",contact@professionalelectric.com,info@professionalelectric.com,hello@professionalelectric.com
Electrical Michelle Sanchez,(857) 468-1068,Electrical,"Boston, MA",contact@electricalsanchez.com,info@electricalsanchez.com,hello@electricalsanchez.com
Safe Clark & Sofia Electric,(617) 469-1069,Electrical,"Boston, MA",contact@safeelectric.com,info@safeelectric.com,hello@safeelectric.com
Lewis Wiring Solutions,(857) 471-1071,Electrical,"Boston, MA",contact@lewissolutions.com,info@lewissolutions.com,hello@lewissolutions.com
Professional Patricia Robinson Electric,(617) 472-1072,Electrical,"Boston, MA",contact@professionalelectric.com,info@professionalelectric.com,hello@professionalelectric.com
Susan Electric,(857) 474-1074,Electrical,"Boston, MA",contact@susanelectric.com,info@susanelectric.com,hello@susanelectric.com
Electrical Karen King,(781) 476-1076,Electrical,"Boston, MA",contact@electricalking.com,info@electricalking.com,hello@electricalking.com
Safe Wright & Betty Electric,(857) 477-1077,Electrical,"Boston, MA",contact@safeelectric.com,info@safeelectric.com,hello@safeelectric.com
Torres Wiring Solutions,(781) 479-1079,Electrical,"Boston, MA",contact@torressolutions.com,info@torressolutions.com,hello@torressolutions.com
Professional Dorothy Boston Electric,(857) 480-1080,Electrical,"Boston, MA",contact@professionalelectric.com,info@professionalelectric.com,hello@professionalelectric.com
Tony's Restaurant,(617) 483-1083,Restaurant,"Boston, MA",contact@tony'srestaurant.com,info@tony'srestaurant.com,hello@tony'srestaurant.com
Smith's Kitchen,(781) 484-1084,Restaurant,"Boston, MA",contact@smith'skitchen.com,info@smith'skitchen.com,hello@smith'skitchen.com
David Garcia's Pizzeria,(617) 489-1089,Restaurant,"Boston, MA",contact@davidpizzeria.com,info@davidpizzeria.com,hello@davidpizzeria.com
Tom's Restaurant,(857) 491-1091,Restaurant,"Boston, MA",contact@tom'srestaurant.com,info@tom'srestaurant.com,hello@tom'srestaurant.com
Rodriguez's Kitchen,(617) 492-1092,Restaurant,"Boston, MA",contact@rodriguez'skitchen.com,info@rodriguez'skitchen.com,hello@rodriguez'skitchen.com
Kevin Grill House,(617) 495-1095,Restaurant,"Boston, MA",contact@kevingrill.com,info@kevingrill.com,hello@kevingrill.com
Gonzalez Diner,(781) 496-1096,Restaurant,"Boston, MA",contact@gonzalezdiner.com,info@gonzalezdiner.com,hello@gonzalezdiner.com
Paul Wilson's Pizzeria,(857) 497-1097,Restaurant,"Boston, MA",contact@paulpizzeria.com,info@paulpizzeria.com,hello@paulpizzeria.com
Michael's Restaurant,(781) 499-1099,Restaurant,"Boston, MA",contact@michael'srestaurant.com,info@michael'srestaurant.com,hello@michael'srestaurant.com
Taylor's Kitchen,(857) 500-1100,Restaurant,"Boston, MA",contact@taylor'skitchen.com,info@taylor'skitchen.com,hello@taylor'skitchen.com
Mary Grill House,(857) 503-1103,Restaurant,"Boston, MA",contact@marygrill.com,info@marygrill.com,hello@marygrill.com
Lee Diner,(617) 504-1104,Restaurant,"Boston, MA",contact@leediner.com,info@leediner.com,hello@leediner.com
Jennifer Perez's Pizzeria,(781) 505-1105,Restaurant,"Boston, MA",contact@jenniferpizzeria.com,info@jenniferpizzeria.com,hello@jenniferpizzeria.com
Emma's Restaurant,(617) 507-1107,Restaurant,"Boston, MA",contact@emma'srestaurant.com,info@emma'srestaurant.com,hello@emma'srestaurant.com
Harris's Kitchen,(781) 508-1108,Restaurant,"Boston, MA",contact@harris'skitchen.com,info@harris'skitchen.com,hello@harris'skitchen.com
Lewis Diner,(857) 512-1112,Restaurant,"Boston, MA",contact@lewisdiner.com,info@lewisdiner.com,hello@lewisdiner.com
Patricia Robinson's Pizzeria,(617) 513-1113,Restaurant,"Boston, MA",contact@patriciapizzeria.com,info@patriciapizzeria.com,hello@patriciapizzeria.com
Susan's Restaurant,(857) 515-1115,Restaurant,"Boston, MA",contact@susan'srestaurant.com,info@susan'srestaurant.com,hello@susan'srestaurant.com
Allen's Kitchen,(617) 516-1116,Restaurant,"Boston, MA",contact@allen'skitchen.com,info@allen'skitchen.com,hello@allen'skitchen.com
Betty Grill House,(617) 519-1119,Restaurant,"Boston, MA",contact@bettygrill.com,info@bettygrill.com,hello@bettygrill.com
Torres Diner,(781) 520-1120,Restaurant,"Boston, MA",contact@torresdiner.com,info@torresdiner.com,hello@torresdiner.com
Dorothy Boston's Pizzeria,(857) 521-1121,Restaurant,"Boston, MA",contact@dorothypizzeria.com,info@dorothypizzeria.com,hello@dorothypizzeria.com
Tony's Restaurant,(781) 523-1123,Restaurant,"Boston, MA",contact@tony'srestaurant.com,info@tony'srestaurant.com,hello@tony'srestaurant.com
Tony's Hair Salon,(617) 524-1124,Salon,"Boston, MA",contact@tony'ssalon.com,info@tony'ssalon.com,hello@tony'ssalon.com
Frank Cuts & Color,(781) 528-1128,Salon,"Boston, MA",contact@frankcolor.com,info@frankcolor.com,hello@frankcolor.com
Tom's Hair Salon,(857) 532-1132,Salon,"Boston, MA",contact@tom'ssalon.com,info@tom'ssalon.com,hello@tom'ssalon.com
Rodriguez Salon & Spa,(617) 533-1133,Salon,"Boston, MA",contact@rodriguezspa.com,info@rodriguezspa.com,hello@rodriguezspa.com
Kevin Cuts & Color,(617) 536-1136,Salon,"Boston, MA",contact@kevincolor.com,info@kevincolor.com,hello@kevincolor.com
Gonzalez Hair Design,(781) 537-1137,Salon,"Boston, MA",contact@gonzalezdesign.com,info@gonzalezdesign.com,hello@gonzalezdesign.com
Michael's Hair Salon,(781) 540-1140,Salon,"Boston, MA",contact@michael'ssalon.com,info@michael'ssalon.com,hello@michael'ssalon.com
Mary Cuts & Color,(857) 544-1144,Salon,"Boston, MA",contact@marycolor.com,info@marycolor.com,hello@marycolor.com
Emma's Hair Salon,(617) 548-1148,Salon,"Boston, MA",contact@emma'ssalon.com,info@emma'ssalon.com,hello@emma'ssalon.com
Sofia Cuts & Color,(781) 552-1152,Salon,"Boston, MA",contact@sofiacolor.com,info@sofiacolor.com,hello@sofiacolor.com
Susan's Hair Salon,(857) 556-1156,Salon,"Boston, MA",contact@susan'ssalon.com,info@susan'ssalon.com,hello@susan'ssalon.com
Betty Cuts & Color,(617) 560-1160,Salon,"Boston, MA",contact@bettycolor.com,info@bettycolor.com,hello@bettycolor.com
Dorothy Boston Beauty Salon,(857) 562-1162,Salon,"Boston, MA",contact@dorothysalon.com,info@dorothysalon.com,hello@dorothysalon.com
Tony's Hair Salon,(781) 564-1164,Salon,"Boston, MA",contact@tony'ssalon.com,info@tony'ssalon.com,hello@tony'ssalon.com
Frank Thermal Solutions,(781) 569-1169,HVAC,"Boston, MA",contact@franksolutions.com,info@franksolutions.com,hello@franksolutions.com
Professional Jones HVAC,(857) 570-1170,HVAC,"Boston, MA",contact@professionalhvac.com,info@professionalhvac.com,hello@professionalhvac.com
Tom HVAC,(857) 573-1173,HVAC,"Boston, MA",contact@tomhvac.com,info@tomhvac.com,hello@tomhvac.com
Kevin Thermal Solutions,(617) 577-1177,HVAC,"Boston, MA",contact@kevinsolutions.com,info@kevinsolutions.com,hello@kevinsolutions.com
Professional Gonzalez HVAC,(781) 578-1178,HVAC,"Boston, MA",contact@professionalhvac.com,info@professionalhvac.com,hello@professionalhvac.com
Mary Thermal Solutions,(857) 585-1185,HVAC,"Boston, MA",contact@marysolutions.com,info@marysolutions.com,hello@marysolutions.com
Emma HVAC,(617) 589-1189,HVAC,"Boston, MA",contact@emmahvac.com,info@emmahvac.com,hello@emmahvac.com
Sofia Thermal Solutions,(781) 593-1193,HVAC,"Boston, MA",contact@sofiasolutions.com,info@sofiasolutions.com,hello@sofiasolutions.com
Professional Lewis HVAC,(857) 594-1194,HVAC,"Boston, MA",contact@professionalhvac.com,info@professionalhvac.com,hello@professionalhvac.com
Susan HVAC,(857) 597-1197,HVAC,"Boston, MA",contact@susanhvac.com,info@susanhvac.com,hello@susanhvac.com
Betty Thermal Solutions,(617) 601-1201,HVAC,"Boston, MA",contact@bettysolutions.com,info@bettysolutions.com,hello@bettysolutions.com
Professional Torres HVAC,(781) 602-1202,HVAC,"Boston, MA",contact@professionalhvac.com,info@professionalhvac.com,hello@professionalhvac.com
Dorothy Boston AC & Heating,(857) 603-1203,HVAC,"Boston, MA",contact@dorothyheating.com,info@dorothyheating.com,hello@dorothyheating.com
Tony's Auto Repair,(617) 606-1206,Auto Repair,"Boston, MA",contact@tony'srepair.com,info@tony'srepair.com,hello@tony'srepair.com
Frank Mechanic Shop,(781) 610-1210,Auto Repair,"Boston, MA",contact@frankshop.com,info@frankshop.com,hello@frankshop.com
Expert David Garcia Auto,(617) 612-1212,Auto Repair,"Boston, MA",contact@expertauto.com,info@expertauto.com,hello@expertauto.com
Tom's Auto Repair,(857) 614-1214,Auto Repair,"Boston, MA",contact@tom'srepair.com,info@tom'srepair.com,hello@tom'srepair.com
Kevin Mechanic Shop,(617) 618-1218,Auto Repair,"Boston, MA",contact@kevinshop.com,info@kevinshop.com,hello@kevinshop.com
Gonzalez Oil Change,(781) 619-1219,Auto Repair,"Boston, MA",contact@gonzalezchange.com,info@gonzalezchange.com,hello@gonzalezchange.com
Expert Paul Wilson Auto,(857) 620-1220,Auto Repair,"Boston, MA",contact@expertauto.com,info@expertauto.com,hello@expertauto.com
Michael's Auto Repair,(781) 622-1222,Auto Repair,"Boston, MA",contact@michael'srepair.com,info@michael'srepair.com,hello@michael'srepair.com
Mary Mechanic Shop,(857) 626-1226,Auto Repair,"Boston, MA",contact@maryshop.com,info@maryshop.com,hello@maryshop.com
Expert Jennifer Perez Auto,(781) 628-1228,Auto Repair,"Boston, MA",contact@expertauto.com,info@expertauto.com,hello@expertauto.com
Emma's Auto Repair,(617) 630-1230,Auto Repair,"Boston, MA",contact@emma'srepair.com,info@emma'srepair.com,hello@emma'srepair.com
Sofia Mechanic Shop,(781) 634-1234,Auto Repair,"Boston, MA",contact@sofiashop.com,info@sofiashop.com,hello@sofiashop.com
Expert Patricia Robinson Auto,(617) 636-1236,Auto Repair,"Boston, MA",contact@expertauto.com,info@expertauto.com,hello@expertauto.com
Susan's Auto Repair,(857) 638-1238,Auto Repair,"Boston, MA",contact@susan'srepair.com,info@susan'srepair.com,hello@susan'srepair.com
Betty Mechanic Shop,(617) 642-1242,Auto Repair,"Boston, MA",contact@bettyshop.com,info@bettyshop.com,hello@bettyshop.com
Torres Oil Change,(781) 643-1243,Auto Repair,"Boston, MA",contact@torreschange.com,info@torreschange.com,hello@torreschange.com
Expert Dorothy Boston Auto,(857) 644-1244,Auto Repair,"Boston, MA",contact@expertauto.com,info@expertauto.com,hello@expertauto.com
Tony's Auto Repair,(781) 646-1246,Auto Repair,"Boston, MA",contact@tony'srepair.com,info@tony'srepair.com,hello@tony'srepair.com
Dr. Tony's Dental,(617) 647-1247,Dentist,"Boston, MA",contact@dr.dental.com,info@dr.dental.com,hello@dr.dental.com
Dr. Frank DDS,(781) 651-1251,Dentist,"Boston, MA",contact@dr.dds.com,info@dr.dds.com,hello@dr.dds.com
Smile Miller & Tom Dental,(781) 654-1254,Dentist,"Boston, MA",contact@smiledental.com,info@smiledental.com,hello@smiledental.com
Dr. Tom's Dental,(857) 655-1255,Dentist,"Boston, MA",contact@dr.dental.com,info@dr.dental.com,hello@dr.dental.com
Dr. Kevin DDS,(617) 659-1259,Dentist,"Boston, MA",contact@dr.dds.com,info@dr.dds.com,hello@dr.dds.com
Smile Anderson & Michael Dental,(617) 662-1262,Dentist,"Boston, MA",contact@smiledental.com,info@smiledental.com,hello@smiledental.com
Dr. Michael's Dental,(781) 663-1263,Dentist,"Boston, MA",contact@dr.dental.com,info@dr.dental.com,hello@dr.dental.com
Dr. Mary DDS,(857) 667-1267,Dentist,"Boston, MA",contact@dr.dds.com,info@dr.dds.com,hello@dr.dds.com
Smile Thompson & Emma Dental,(857) 670-1270,Dentist,"Boston, MA",contact@smiledental.com,info@smiledental.com,hello@smiledental.com
Dr. Emma's Dental,(617) 671-1271,Dentist,"Boston, MA",contact@dr.dental.com,info@dr.dental.com,hello@dr.dental.com
Dr. Sofia DDS,(781) 675-1275,Dentist,"Boston, MA",contact@dr.dds.com,info@dr.dds.com,hello@dr.dds.com
Smile Walker & Susan Dental,(781) 678-1278,Dentist,"Boston, MA",contact@smiledental.com,info@smiledental.com,hello@smiledental.com
Dr. Susan's Dental,(857) 679-1279,Dentist,"Boston, MA",contact@dr.dental.com,info@dr.dental.com,hello@dr.dental.com
Dr. Betty DDS,(617) 683-1283,Dentist,"Boston, MA",contact@dr.dds.com,info@dr.dds.com,hello@dr.dds.com
Dorothy Boston Dental Studio,(857) 685-1285,Dentist,"Boston, MA",contact@dorothydental.com,info@dorothydental.com,hello@dorothydental.com
Dr. Tony's Dental,(781) 687-1287,Dentist,"Boston, MA",contact@dr.dental.com,info@dr.dental.com,hello@dr.dental.com
Jones Strength Center,(857) 693-1293,Gym,"Boston, MA",contact@jonesstrength.com,info@jonesstrength.com,hello@jonesstrength.com
Rodriguez Gym,(617) 697-1297,Gym,"Boston, MA",contact@rodriguezgym.com,info@rodriguezgym.com,hello@rodriguezgym.com
Taylor Gym,(857) 705-1305,Gym,"Boston, MA",contact@taylorgym.com,info@taylorgym.com,hello@taylorgym.com
Lee Strength Center,(617) 709-1309,Gym,"Boston, MA",contact@leestrength.com,info@leestrength.com,hello@leestrength.com
Harris Gym,(781) 713-1313,Gym,"Boston, MA",contact@harrisgym.com,info@harrisgym.com,hello@harrisgym.com
Lewis Strength Center,(857) 717-1317,Gym,"Boston, MA",contact@lewisstrength.com,info@lewisstrength.com,hello@lewisstrength.com
Allen Gym,(617) 721-1321,Gym,"Boston, MA",contact@allengym.com,info@allengym.com,hello@allengym.com
Torres Strength Center,(781) 725-1325,Gym,"Boston, MA",contact@torresstrength.com,info@torresstrength.com,hello@torresstrength.com
Dorothy Boston CrossFit,(857) 726-1326,Gym,"Boston, MA",contact@dorothycrossfit.com,info@dorothycrossfit.com,hello@dorothycrossfit.com
Professional Williams & Frank Cleaning,(617) 732-1332,Cleaning,"Boston, MA",contact@professionalcleaning.com,info@professionalcleaning.com,hello@professionalcleaning.com
Fresh David Garcia Cleaning,(617) 735-1335,Cleaning,"Boston, MA",contact@freshcleaning.com,info@freshcleaning.com,hello@freshcleaning.com
Rodriguez Clean Team,(617) 738-1338,Cleaning,"Boston, MA",contact@rodriguezteam.com,info@rodriguezteam.com,hello@rodriguezteam.com
Professional Hernandez & Kevin Cleaning,(857) 740-1340,Cleaning,"Boston, MA",contact@professionalcleaning.com,info@professionalcleaning.com,hello@professionalcleaning.com
Fresh Paul Wilson Cleaning,(857) 743-1343,Cleaning,"Boston, MA",contact@freshcleaning.com,info@freshcleaning.com,hello@freshcleaning.com
Professional Jackson & Mary Cleaning,(781) 748-1348,Cleaning,"Boston, MA",contact@professionalcleaning.com,info@professionalcleaning.com,hello@professionalcleaning.com
Fresh Jennifer Perez Cleaning,(781) 751-1351,Cleaning,"Boston, MA",contact@freshcleaning.com,info@freshcleaning.com,hello@freshcleaning.com
Professional Clark & Sofia Cleaning,(617) 756-1356,Cleaning,"Boston, MA",contact@professionalcleaning.com,info@professionalcleaning.com,hello@professionalcleaning.com
Fresh Patricia Robinson Cleaning,(617) 759-1359,Cleaning,"Boston, MA",contact@freshcleaning.com,info@freshcleaning.com,hello@freshcleaning.com
Professional Wright & Betty Cleaning,(857) 764-1364,Cleaning,"Boston, MA",contact@professionalcleaning.com,info@professionalcleaning.com,hello@professionalcleaning.com
Fresh Dorothy Boston Cleaning,(857) 767-1367,Cleaning,"Boston, MA",contact@freshcleaning.com,info@freshcleaning.com,hello@freshcleaning.com
Quality Gonzalez Construction,(781) 783-1383,Contractor,"Boston, MA",contact@qualityconstruction.com,info@qualityconstruction.com,hello@qualityconstruction.com
Quality Lee Construction,(617) 791-1391,Contractor,"Boston, MA",contact@qualityconstruction.com,info@qualityconstruction.com,hello@qualityconstruction.com
Quality Lewis Construction,(857) 799-1399,Contractor,"Boston, MA",contact@qualityconstruction.com,info@qualityconstruction.com,hello@qualityconstruction.com
Quality Torres Construction,(781) 807-1407,Contractor,"Boston, MA",contact@qualityconstruction.com,info@qualityconstruction.com,hello@qualityconstruction.com
Dorothy Boston Remodeling,(857) 808-1408,Contractor,"Boston, MA",contact@dorothyremodeling.com,info@dorothyremodeling.com,hello@dorothyremodeling.com
ProScape Frank,(781) 815-1415,Landscaping,"Boston, MA",contact@proscapefrank.com,info@proscapefrank.com,hello@proscapefrank.com
Expert Miller & Tom Landscaping,(781) 818-1418,Landscaping,"Boston, MA",contact@expertlandscaping.com,info@expertlandscaping.com,hello@expertlandscaping.com
ProScape Kevin,(617) 823-1423,Landscaping,"Boston, MA",contact@proscapekevin.com,info@proscapekevin.com,hello@proscapekevin.com
Expert Anderson & Michael Landscaping,(617) 826-1426,Landscaping,"Boston, MA",contact@expertlandscaping.com,info@expertlandscaping.com,hello@expertlandscaping.com
ProScape Mary,(857) 831-1431,Landscaping,"Boston, MA",contact@proscapemary.com,info@proscapemary.com,hello@proscapemary.com
Expert Thompson & Emma Landscaping,(857) 834-1434,Landscaping,"Boston, MA",contact@expertlandscaping.com,info@expertlandscaping.com,hello@expertlandscaping.com
ProScape Sofia,(781) 839-1439,Landscaping,"Boston, MA",contact@proscapesofia.com,info@proscapesofia.com,hello@proscapesofia.com
Expert Walker & Susan Landscaping,(781) 842-1442,Landscaping,"Boston, MA",contact@expertlandscaping.com,info@expertlandscaping.com,hello@expertlandscaping.com
Susan Landscaping,(857) 843-1443,Landscaping,"Boston, MA",contact@susanlandscaping.com,info@susanlandscaping.com,hello@susanlandscaping.com
ProScape Betty,(617) 847-1447,Landscaping,"Boston, MA",contact@proscapebetty.com,info@proscapebetty.com,hello@proscapebetty.com
Dorothy Boston Yard Service,(857) 849-1449,Landscaping,"Boston, MA",contact@dorothyyard.com,info@dorothyyard.com,hello@dorothyyard.com
Kevin Bookkeeping,(617) 864-1464,Accountant,"Boston, MA",contact@kevinbookkeeping.com,info@kevinbookkeeping.com,hello@kevinbookkeeping.com
Accounting by Gonzalez,(781) 865-1465,Accountant,"Boston, MA",contact@accountinggonzalez.com,info@accountinggonzalez.com,hello@accountinggonzalez.com
Michael Accounting,(781) 868-1468,Accountant,"Boston, MA",contact@michaelaccounting.com,info@michaelaccounting.com,hello@michaelaccounting.com
Mary Bookkeeping,(857) 872-1472,Accountant,"Boston, MA",contact@marybookkeeping.com,info@marybookkeeping.com,hello@marybookkeeping.com
Accounting by Lee,(617) 873-1473,Accountant,"Boston, MA",contact@accountinglee.com,info@accountinglee.com,hello@accountinglee.com
Emma Accounting,(617) 876-1476,Accountant,"Boston, MA",contact@emmaaccounting.com,info@emmaaccounting.com,hello@emmaaccounting.com
Sofia Bookkeeping,(781) 880-1480,Accountant,"Boston, MA",contact@sofiabookkeeping.com,info@sofiabookkeeping.com,hello@sofiabookkeeping.com
Accounting by Lewis,(857) 881-1481,Accountant,"Boston, MA",contact@accountinglewis.com,info@accountinglewis.com,hello@accountinglewis.com
Susan Accounting,(857) 884-1484,Accountant,"Boston, MA",contact@susanaccounting.com,info@susanaccounting.com,hello@susanaccounting.com
Betty Bookkeeping,(617) 888-1488,Accountant,"Boston, MA",contact@bettybookkeeping.com,info@bettybookkeeping.com,hello@bettybookkeeping.com
Accounting by Torres,(781) 889-1489,Accountant,"Boston, MA",contact@accountingtorres.com,info@accountingtorres.com,hello@accountingtorres.com
Dorothy Boston Tax & Accounting,(857) 890-1490,Accountant,"Boston, MA",contact@dorothyaccounting.com,info@dorothyaccounting.com,hello@dorothyaccounting.com
