Date,Business Name,Phone,Category,Called,Interested,Email,Website Built,Notes
2026-03-10,Lower Roxbury Plumbing,617-203-6199,Plumbing,,,,,
2026-03-10,Callahan Plumbing,617-404-3689,Plumbing,,,,,
2026-03-10,Possick Plumbing,617-243-9999,Plumbing,,,,,
2026-03-10,Dice Licensed Electricians,617-702-2888,Electrical,,,,,
2026-03-10,Licensed Electricians Jamaica Plain,888-512-6801,Electrical,,,,,
2026-03-10,Dirty Water Dough Company,617-262-0090,Restaurant,,,,,
2026-03-10,Parish Café,617-247-4777,Restaurant,,,,,
2026-03-10,Yvonne's Restaurant,617-267-0047,Restaurant,,,,,
2026-03-10,Summer Street Barber Shop,617-345-9300,Barber/Salon,,,,,
2026-03-10,Skips Barbershop South Boston,617-269-2227,Barber/Salon,,,,,
2026-03-10,Junior's iCuts,617-250-8915,Barber/Salon,,,,,
2026-03-10,AGOSTINO SALON,617-262-2029,Barber/Salon,,,,,
2026-03-10,Lapels Cleaners South End,617-236-0098,Cleaners,,,,,
2026-03-10,Alpha Dogs Boston,617-514-6745,Pet Grooming,,,,,
2026-03-10,LaChic Professional Pet Grooming,617-242-0300,Pet Grooming,,,,,